"Year","Municipality","Offence group and specifier for criminal act","Offences known to the authorities (number)"
"1980","WHOLE COUNTRY","1116 Fraud, petty fraud 36:1,3",10897
"1980","WHOLE COUNTRY","1117 Aggravated fraud 36:2",0
"1980","WHOLE COUNTRY","1118 Means of payment fraud, petty means of payment fraud, preparation thereof 37:8,10,11",0
"1980","WHOLE COUNTRY","1119 Aggravated means of payment fraud 37:9",0
"1981","WHOLE COUNTRY","1116 Fraud, petty fraud 36:1,3",13061
"1981","WHOLE COUNTRY","1117 Aggravated fraud 36:2",0
"1981","WHOLE COUNTRY","1118 Means of payment fraud, petty means of payment fraud, preparation thereof 37:8,10,11",0
"1981","WHOLE COUNTRY","1119 Aggravated means of payment fraud 37:9",0
"1982","WHOLE COUNTRY","1116 Fraud, petty fraud 36:1,3",19091
"1982","WHOLE COUNTRY","1117 Aggravated fraud 36:2",0
"1982","WHOLE COUNTRY","1118 Means of payment fraud, petty means of payment fraud, preparation thereof 37:8,10,11",0
"1982","WHOLE COUNTRY","1119 Aggravated means of payment fraud 37:9",0
"1983","WHOLE COUNTRY","1116 Fraud, petty fraud 36:1,3",20102
"1983","WHOLE COUNTRY","1117 Aggravated fraud 36:2",0
"1983","WHOLE COUNTRY","1118 Means of payment fraud, petty means of payment fraud, preparation thereof 37:8,10,11",0
"1983","WHOLE COUNTRY","1119 Aggravated means of payment fraud 37:9",0
"1984","WHOLE COUNTRY","1116 Fraud, petty fraud 36:1,3",25930
"1984","WHOLE COUNTRY","1117 Aggravated fraud 36:2",0
"1984","WHOLE COUNTRY","1118 Means of payment fraud, petty means of payment fraud, preparation thereof 37:8,10,11",0
"1984","WHOLE COUNTRY","1119 Aggravated means of payment fraud 37:9",0
"1985","WHOLE COUNTRY","1116 Fraud, petty fraud 36:1,3",33513
"1985","WHOLE COUNTRY","1117 Aggravated fraud 36:2",0
"1985","WHOLE COUNTRY","1118 Means of payment fraud, petty means of payment fraud, preparation thereof 37:8,10,11",0
"1985","WHOLE COUNTRY","1119 Aggravated means of payment fraud 37:9",0
"1986","WHOLE COUNTRY","1116 Fraud, petty fraud 36:1,3",41812
"1986","WHOLE COUNTRY","1117 Aggravated fraud 36:2",0
"1986","WHOLE COUNTRY","1118 Means of payment fraud, petty means of payment fraud, preparation thereof 37:8,10,11",0
"1986","WHOLE COUNTRY","1119 Aggravated means of payment fraud 37:9",0
"1987","WHOLE COUNTRY","1116 Fraud, petty fraud 36:1,3",40329
"1987","WHOLE COUNTRY","1117 Aggravated fraud 36:2",0
"1987","WHOLE COUNTRY","1118 Means of payment fraud, petty means of payment fraud, preparation thereof 37:8,10,11",0
"1987","WHOLE COUNTRY","1119 Aggravated means of payment fraud 37:9",0
"1988","WHOLE COUNTRY","1116 Fraud, petty fraud 36:1,3",50095
"1988","WHOLE COUNTRY","1117 Aggravated fraud 36:2",0
"1988","WHOLE COUNTRY","1118 Means of payment fraud, petty means of payment fraud, preparation thereof 37:8,10,11",0
"1988","WHOLE COUNTRY","1119 Aggravated means of payment fraud 37:9",0
"1989","WHOLE COUNTRY","1116 Fraud, petty fraud 36:1,3",58623
"1989","WHOLE COUNTRY","1117 Aggravated fraud 36:2",0
"1989","WHOLE COUNTRY","1118 Means of payment fraud, petty means of payment fraud, preparation thereof 37:8,10,11",0
"1989","WHOLE COUNTRY","1119 Aggravated means of payment fraud 37:9",0
"1990","WHOLE COUNTRY","1116 Fraud, petty fraud 36:1,3",86608
"1990","WHOLE COUNTRY","1117 Aggravated fraud 36:2",0
"1990","WHOLE COUNTRY","1118 Means of payment fraud, petty means of payment fraud, preparation thereof 37:8,10,11",0
"1990","WHOLE COUNTRY","1119 Aggravated means of payment fraud 37:9",0
"1991","WHOLE COUNTRY","1116 Fraud, petty fraud 36:1,3",15749
"1991","WHOLE COUNTRY","1117 Aggravated fraud 36:2",860
"1991","WHOLE COUNTRY","1118 Means of payment fraud, petty means of payment fraud, preparation thereof 37:8,10,11",4508
"1991","WHOLE COUNTRY","1119 Aggravated means of payment fraud 37:9",52
"1992","WHOLE COUNTRY","1116 Fraud, petty fraud 36:1,3",13400
"1992","WHOLE COUNTRY","1117 Aggravated fraud 36:2",980
"1992","WHOLE COUNTRY","1118 Means of payment fraud, petty means of payment fraud, preparation thereof 37:8,10,11",4759
"1992","WHOLE COUNTRY","1119 Aggravated means of payment fraud 37:9",72
"1993","WHOLE COUNTRY","1116 Fraud, petty fraud 36:1,3",13558
"1993","WHOLE COUNTRY","1117 Aggravated fraud 36:2",805
"1993","WHOLE COUNTRY","1118 Means of payment fraud, petty means of payment fraud, preparation thereof 37:8,10,11",3411
"1993","WHOLE COUNTRY","1119 Aggravated means of payment fraud 37:9",32
"1994","WHOLE COUNTRY","1116 Fraud, petty fraud 36:1,3",11640
"1994","WHOLE COUNTRY","1117 Aggravated fraud 36:2",985
"1994","WHOLE COUNTRY","1118 Means of payment fraud, petty means of payment fraud, preparation thereof 37:8,10,11",2942
"1994","WHOLE COUNTRY","1119 Aggravated means of payment fraud 37:9",26
"1995","WHOLE COUNTRY","1116 Fraud, petty fraud 36:1,3",12661
"1995","WHOLE COUNTRY","1117 Aggravated fraud 36:2",677
"1995","WHOLE COUNTRY","1118 Means of payment fraud, petty means of payment fraud, preparation thereof 37:8,10,11",2522
"1995","WHOLE COUNTRY","1119 Aggravated means of payment fraud 37:9",32
"1996","WHOLE COUNTRY","1116 Fraud, petty fraud 36:1,3",14450
"1996","WHOLE COUNTRY","1117 Aggravated fraud 36:2",1518
"1996","WHOLE COUNTRY","1118 Means of payment fraud, petty means of payment fraud, preparation thereof 37:8,10,11",2676
"1996","WHOLE COUNTRY","1119 Aggravated means of payment fraud 37:9",33
"1997","WHOLE COUNTRY","1116 Fraud, petty fraud 36:1,3",10212
"1997","WHOLE COUNTRY","1117 Aggravated fraud 36:2",482
"1997","WHOLE COUNTRY","1118 Means of payment fraud, petty means of payment fraud, preparation thereof 37:8,10,11",2890
"1997","WHOLE COUNTRY","1119 Aggravated means of payment fraud 37:9",86
"1998","WHOLE COUNTRY","1116 Fraud, petty fraud 36:1,3",10266
"1998","WHOLE COUNTRY","1117 Aggravated fraud 36:2",476
"1998","WHOLE COUNTRY","1118 Means of payment fraud, petty means of payment fraud, preparation thereof 37:8,10,11",3193
"1998","WHOLE COUNTRY","1119 Aggravated means of payment fraud 37:9",55
"1999","WHOLE COUNTRY","1116 Fraud, petty fraud 36:1,3",9577
"1999","WHOLE COUNTRY","1117 Aggravated fraud 36:2",604
"1999","WHOLE COUNTRY","1118 Means of payment fraud, petty means of payment fraud, preparation thereof 37:8,10,11",2903
"1999","WHOLE COUNTRY","1119 Aggravated means of payment fraud 37:9",91
"2000","WHOLE COUNTRY","1116 Fraud, petty fraud 36:1,3",10756
"2000","WHOLE COUNTRY","1117 Aggravated fraud 36:2",1238
"2000","WHOLE COUNTRY","1118 Means of payment fraud, petty means of payment fraud, preparation thereof 37:8,10,11",2923
"2000","WHOLE COUNTRY","1119 Aggravated means of payment fraud 37:9",46
"2001","WHOLE COUNTRY","1116 Fraud, petty fraud 36:1,3",9925
"2001","WHOLE COUNTRY","1117 Aggravated fraud 36:2",672
"2001","WHOLE COUNTRY","1118 Means of payment fraud, petty means of payment fraud, preparation thereof 37:8,10,11",3056
"2001","WHOLE COUNTRY","1119 Aggravated means of payment fraud 37:9",77
"2002","WHOLE COUNTRY","1116 Fraud, petty fraud 36:1,3",11331
"2002","WHOLE COUNTRY","1117 Aggravated fraud 36:2",933
"2002","WHOLE COUNTRY","1118 Means of payment fraud, petty means of payment fraud, preparation thereof 37:8,10,11",3297
"2002","WHOLE COUNTRY","1119 Aggravated means of payment fraud 37:9",48
"2003","WHOLE COUNTRY","1116 Fraud, petty fraud 36:1,3",10357
"2003","WHOLE COUNTRY","1117 Aggravated fraud 36:2",733
"2003","WHOLE COUNTRY","1118 Means of payment fraud, petty means of payment fraud, preparation thereof 37:8,10,11",3433
"2003","WHOLE COUNTRY","1119 Aggravated means of payment fraud 37:9",119
"2004","WHOLE COUNTRY","1116 Fraud, petty fraud 36:1,3",10699
"2004","WHOLE COUNTRY","1117 Aggravated fraud 36:2",762
"2004","WHOLE COUNTRY","1118 Means of payment fraud, petty means of payment fraud, preparation thereof 37:8,10,11",3265
"2004","WHOLE COUNTRY","1119 Aggravated means of payment fraud 37:9",122
"2005","WHOLE COUNTRY","1116 Fraud, petty fraud 36:1,3",11460
"2005","WHOLE COUNTRY","1117 Aggravated fraud 36:2",923
"2005","WHOLE COUNTRY","1118 Means of payment fraud, petty means of payment fraud, preparation thereof 37:8,10,11",3350
"2005","WHOLE COUNTRY","1119 Aggravated means of payment fraud 37:9",115
"2006","WHOLE COUNTRY","1116 Fraud, petty fraud 36:1,3",11694
"2006","WHOLE COUNTRY","1117 Aggravated fraud 36:2",822
"2006","WHOLE COUNTRY","1118 Means of payment fraud, petty means of payment fraud, preparation thereof 37:8,10,11",3028
"2006","WHOLE COUNTRY","1119 Aggravated means of payment fraud 37:9",89
"2007","WHOLE COUNTRY","1116 Fraud, petty fraud 36:1,3",12933
"2007","WHOLE COUNTRY","1117 Aggravated fraud 36:2",703
"2007","WHOLE COUNTRY","1118 Means of payment fraud, petty means of payment fraud, preparation thereof 37:8,10,11",3292
"2007","WHOLE COUNTRY","1119 Aggravated means of payment fraud 37:9",89
"2008","WHOLE COUNTRY","1116 Fraud, petty fraud 36:1,3",15101
"2008","WHOLE COUNTRY","1117 Aggravated fraud 36:2",953
"2008","WHOLE COUNTRY","1118 Means of payment fraud, petty means of payment fraud, preparation thereof 37:8,10,11",3434
"2008","WHOLE COUNTRY","1119 Aggravated means of payment fraud 37:9",129
"2009","WHOLE COUNTRY","1116 Fraud, petty fraud 36:1,3",16435
"2009","WHOLE COUNTRY","1117 Aggravated fraud 36:2",987
"2009","WHOLE COUNTRY","1118 Means of payment fraud, petty means of payment fraud, preparation thereof 37:8,10,11",4757
"2009","WHOLE COUNTRY","1119 Aggravated means of payment fraud 37:9",184
"2010","WHOLE COUNTRY","1116 Fraud, petty fraud 36:1,3",14903
"2010","WHOLE COUNTRY","1117 Aggravated fraud 36:2",957
"2010","WHOLE COUNTRY","1118 Means of payment fraud, petty means of payment fraud, preparation thereof 37:8,10,11",4334
"2010","WHOLE COUNTRY","1119 Aggravated means of payment fraud 37:9",124
"2011","WHOLE COUNTRY","1116 Fraud, petty fraud 36:1,3",16645
"2011","WHOLE COUNTRY","1117 Aggravated fraud 36:2",1149
"2011","WHOLE COUNTRY","1118 Means of payment fraud, petty means of payment fraud, preparation thereof 37:8,10,11",5506
"2011","WHOLE COUNTRY","1119 Aggravated means of payment fraud 37:9",149
"2012","WHOLE COUNTRY","1116 Fraud, petty fraud 36:1,3",19894
"2012","WHOLE COUNTRY","1117 Aggravated fraud 36:2",1052
"2012","WHOLE COUNTRY","1118 Means of payment fraud, petty means of payment fraud, preparation thereof 37:8,10,11",6104
"2012","WHOLE COUNTRY","1119 Aggravated means of payment fraud 37:9",127
"2013","WHOLE COUNTRY","1116 Fraud, petty fraud 36:1,3",21735
"2013","WHOLE COUNTRY","1117 Aggravated fraud 36:2",1100
"2013","WHOLE COUNTRY","1118 Means of payment fraud, petty means of payment fraud, preparation thereof 37:8,10,11",7484
"2013","WHOLE COUNTRY","1119 Aggravated means of payment fraud 37:9",123
"2014","WHOLE COUNTRY","1116 Fraud, petty fraud 36:1,3",22164
"2014","WHOLE COUNTRY","1117 Aggravated fraud 36:2",1351
"2014","WHOLE COUNTRY","1118 Means of payment fraud, petty means of payment fraud, preparation thereof 37:8,10,11",7648
"2014","WHOLE COUNTRY","1119 Aggravated means of payment fraud 37:9",123
"2015","WHOLE COUNTRY","1116 Fraud, petty fraud 36:1,3",24633
"2015","WHOLE COUNTRY","1117 Aggravated fraud 36:2",1458
"2015","WHOLE COUNTRY","1118 Means of payment fraud, petty means of payment fraud, preparation thereof 37:8,10,11",10720
"2015","WHOLE COUNTRY","1119 Aggravated means of payment fraud 37:9",193
"2016","WHOLE COUNTRY","1116 Fraud, petty fraud 36:1,3",23643
"2016","WHOLE COUNTRY","1117 Aggravated fraud 36:2",1422
"2016","WHOLE COUNTRY","1118 Means of payment fraud, petty means of payment fraud, preparation thereof 37:8,10,11",14963
"2016","WHOLE COUNTRY","1119 Aggravated means of payment fraud 37:9",161
"2017","WHOLE COUNTRY","1116 Fraud, petty fraud 36:1,3",22699
"2017","WHOLE COUNTRY","1117 Aggravated fraud 36:2",1469
"2017","WHOLE COUNTRY","1118 Means of payment fraud, petty means of payment fraud, preparation thereof 37:8,10,11",6564
"2017","WHOLE COUNTRY","1119 Aggravated means of payment fraud 37:9",246
"2018","WHOLE COUNTRY","1116 Fraud, petty fraud 36:1,3",23766
"2018","WHOLE COUNTRY","1117 Aggravated fraud 36:2",1727
"2018","WHOLE COUNTRY","1118 Means of payment fraud, petty means of payment fraud, preparation thereof 37:8,10,11",6002
"2018","WHOLE COUNTRY","1119 Aggravated means of payment fraud 37:9",212
"2019","WHOLE COUNTRY","1116 Fraud, petty fraud 36:1,3",27798
"2019","WHOLE COUNTRY","1117 Aggravated fraud 36:2",2092
"2019","WHOLE COUNTRY","1118 Means of payment fraud, petty means of payment fraud, preparation thereof 37:8,10,11",6201
"2019","WHOLE COUNTRY","1119 Aggravated means of payment fraud 37:9",217
"2020","WHOLE COUNTRY","1116 Fraud, petty fraud 36:1,3",33614
"2020","WHOLE COUNTRY","1117 Aggravated fraud 36:2",2091
"2020","WHOLE COUNTRY","1118 Means of payment fraud, petty means of payment fraud, preparation thereof 37:8,10,11",7317
"2020","WHOLE COUNTRY","1119 Aggravated means of payment fraud 37:9",187
"2021","WHOLE COUNTRY","1116 Fraud, petty fraud 36:1,3",36313
"2021","WHOLE COUNTRY","1117 Aggravated fraud 36:2",2041
"2021","WHOLE COUNTRY","1118 Means of payment fraud, petty means of payment fraud, preparation thereof 37:8,10,11",6277
"2021","WHOLE COUNTRY","1119 Aggravated means of payment fraud 37:9",262
"2022","WHOLE COUNTRY","1116 Fraud, petty fraud 36:1,3",37914
"2022","WHOLE COUNTRY","1117 Aggravated fraud 36:2",1951
"2022","WHOLE COUNTRY","1118 Means of payment fraud, petty means of payment fraud, preparation thereof 37:8,10,11",10916
"2022","WHOLE COUNTRY","1119 Aggravated means of payment fraud 37:9",484
"2023","WHOLE COUNTRY","1116 Fraud, petty fraud 36:1,3",42177
"2023","WHOLE COUNTRY","1117 Aggravated fraud 36:2",2169
"2023","WHOLE COUNTRY","1118 Means of payment fraud, petty means of payment fraud, preparation thereof 37:8,10,11",14256
"2023","WHOLE COUNTRY","1119 Aggravated means of payment fraud 37:9",526
"2024","WHOLE COUNTRY","1116 Fraud, petty fraud 36:1,3",40140
"2024","WHOLE COUNTRY","1117 Aggravated fraud 36:2",3188
"2024","WHOLE COUNTRY","1118 Means of payment fraud, petty means of payment fraud, preparation thereof 37:8,10,11",20662
"2024","WHOLE COUNTRY","1119 Aggravated means of payment fraud 37:9",1313
"2025","WHOLE COUNTRY","1116 Fraud, petty fraud 36:1,3",34468
"2025","WHOLE COUNTRY","1117 Aggravated fraud 36:2",3286
"2025","WHOLE COUNTRY","1118 Means of payment fraud, petty means of payment fraud, preparation thereof 37:8,10,11",18909
"2025","WHOLE COUNTRY","1119 Aggravated means of payment fraud 37:9",622
